sample_id,text,true_keywords,keybert_keywords,keybert_precision,keybert_recall,keybert_f1,keybert_partial_match,keybert_map,keybert_ndcg,keybert_semantic_sim,tfidf_keywords,tfidf_precision,tfidf_recall,tfidf_f1,tfidf_partial_match,tfidf_map,tfidf_ndcg,tfidf_semantic_sim,textrank_keywords,textrank_precision,textrank_recall,textrank_f1,textrank_partial_match,textrank_map,textrank_ndcg,textrank_semantic_sim,hybrid_keywords,hybrid_precision,hybrid_recall,hybrid_f1,hybrid_partial_match,hybrid_map,hybrid_ndcg,hybrid_semantic_sim
0,Father arrested in Japan for using shock collar to discipline children A 45 year old man was arrested Wednesday for the alleged use of a shock collar to discipline his three children police said the l...,children; abuse; kitakyushu,ordered his children; children police said; collar to discipline; school then reported; suffered minor burn,0.0,0.0,0,0.4,0.0,0.0,0.65314555,,0,0,0,0,0.0,0.0,0,consultation; legislators; researchers; ineffective; unanimously,0.0,0.0,0.0,0.0,0.0,0.0,0.68357354,ordered his children; children police said; their parents paving; collar to discipline; school then reported,0.0,0.0,0,0.4,0.0,0.0,0.6641236
1,Low cost prostheses give thousands of Indians chance to lead near normal lives JAIPUR INDIA Vishnu Kumar had barely reached adulthood when he lost his limbs in a freak electrical accident seemingly co...,india; medicine,barefoot in kitchens; normal lives jaipur; aids was devastated; charity has teamed; waited for fitting,0.0,0.0,0,0.0,0.0,0.0,0.5173906,,0,0,0,0,0.0,0.0,0,proliferation; revolutionary; collaboration; possibilities; manufacturers,0.0,0.0,0.0,0.0,0.0,0.0,0.64571065,cost prostheses give; barefoot in kitchens; see amputees begging; millions of amputees; weeks to manufacture,0.0,0.0,0,0.0,0.0,0.0,0.5357584
2,Free pending retrial Japanese boxer sentenced to death keeps up the good fight HAMAMATSU SHIZUOKA PREF Shuffling down the street sporting shorts a jacket and straw hat 82 year old Iwao Hakamada could ...,iwao hakamada; capital punishment; death row,hakamada the clothes; bloodstains were too; before burning their; building his fantasy; people there lawyers,0.0,0.0,0,0.0,0.0,0.0,0.6461515,,0,0,0,0,0.0,0.0,0,industrialized; interrogation; extraordinary; unnecessarily; investigators,0.0,0.0,0.0,0.0,0.0,0.0,0.66323876,hakamada the clothes; bloodstains were too; before burning their; building his fantasy; people there lawyers,0.0,0.0,0,0.0,0.0,0.0,0.6461515
3,Abe sets ruling bloc s winning bar at Upper House majority Prime Minister Shinzo Abe on Saturday set the win or lose bar for the ruling coalition in this summer s House of Councilors election at the m...,upper house; majority; shinzo abe; election,the agreement serves; effort into securing; exceeding the levels; decide whether they; to become involved,0.0,0.0,0,0.0,0.0,0.0,0.5716604,,0,0,0,0,0.0,0.0,0,representatives; administration; constitutional; multilateral; agricultural,0.0,0.0,0.0,0.0,0.0,0.0,0.66516626,the agreement serves; effort into securing; exceeding the levels; partner komeito when; parties for refusing,0.0,0.0,0,0.0,0.0,0.0,0.61827403
4,Cabinet support rate falls to 47 6 amid controversy over pension provision telephone poll shows The approval rate for Prime Minister Shinzo Abe s Cabinet has dipped to 47 6 percent a Kyodo News survey...,pension; polls; shinzo abe; taro aso; donald trump,the survey contacted; gave valid responses; submitted to finance; the country grapples; contacted 741 voters,0.0,0.0,0,0.0,0.0,0.0,0.6929838,,0,0,0,0,0.0,0.0,0,misunderstanding; deteriorating; increasingly; backpedaling; inadvertent,0.0,0.0,0.0,0.0,0.0,0.0,0.74080116,the survey contacted; gave valid responses; survey contacted 741; submitted to finance; the country grapples,0.0,0.0,0,0.0,0.0,0.0,0.6992574
5,Catapulting spider springs a surprise on unsuspecting prey study finds WASHINGTON Just when you thought spiders couldn t get any more terrifying A study published Monday has found that an arachnid spe...,spiders; insects,before releasing its; published monday has; under lab conditions; any more terrifying; devices feat people,0.0,0.0,0,0.0,0.0,0.0,0.6084229,,0,0,0,0,0.0,0.0,0,observational; understanding; accelerations; unsuspecting; applications,0.0,0.0,0.0,0.0,0.0,0.0,0.7403094,before releasing its; on unsuspecting prey; published monday has; understanding how it; under lab conditions,0.0,0.0,0,0.0,0.0,0.0,0.62693906
6,New group of South Korean lawmakers plans fence mending visit to Japan Nam Gwan pyo named new ambassador SEOUL Moon Hee sang speaker of South Korea s National Assembly has set up a group of lawmakers ...,moon hee-sang; comfort women; south korea-japan relations; nam gwan pyo,according to sources; who formerly headed; with senior members; announced on friday; ambassador to japan,0.0,0.0,0,0.0,0.0,0.0,0.65546405,,0,0,0,0,0.0,0.0,0,requisitioned; deterioration; circumstances; compensation; relationship,0.0,0.0,0.0,0.0,0.0,0.0,0.61889964,beef up interchanges; former second deputy; according to sources; asian neighbors has; who formerly headed,0.0,0.0,0,0.0,0.0,0.0,0.6581065
7,GTT Our quirky discerning picks for the most interesting things to do around the state this week BRYAN COLLEGE STATION Homegrown Celebration Urban farming has become a way of life as people focus on b...,Texas; Restaurant; Museum; San Antonio; College Station TX,cultures titled farm; weekend retreat held; wine dinners served; of scholars chefs,0.0,0.0,0,0.0,0.0,0.0,0.55771905,,0,0,0,0,0.0,0.0,0,valerotexasopen; luckenbachtexas; restaurateurs; spontaneously; complimentary,0.0,0.0,0.0,0.6,0.0,0.0,0.67058116,cultures titled farm; weekend retreat held; paintings mr hassell; obstacle race series; the dulcimer fretted,0.0,0.0,0,0.0,0.0,0.0,0.585005
8,Japan and U S to discuss higher standards in applying tariff cuts sources say The United States is expected to pursue setting higher standards to qualify for reduced tariffs in upcoming trade talks wi...,tariffs; trade; donald trump; fta; u.s.-japan relations,upcoming trade talks; applying tariff cuts; zero percent tariffs; suppliers the united; demanding that japan,0.0,0.0,0,0.4,0.0,0.0,0.70959723,,0,0,0,0,0.0,0.0,0,opportunities; manufacturing; preferential; negotiations; regulations,0.0,0.0,0.0,0.0,0.0,0.0,0.6832066,upcoming trade talks; applying tariff cuts; zero percent tariffs; vehicles partly made; suppliers the united,0.0,0.0,0,0.4,0.0,0.0,0.7069168
9,Publisher Struggles in Chase for Growth Timing matters when it comes to news I had been reading about Aaron Kushner s audacious strategy to invest in journalism ever since he bought The Orange County ...,"Aaron Kushner; Orange County Register; Layoffs; Newspaper; Freedom Communications; News media,journalism",newsroom had layoffs; been head scratching; journalists he hired; amortizing the costs; invest in journalism,0.0,0.0,0,0.2,0.0,0.0,0.678615,,0,0,0,0,0.0,0.0,0,counterintuitive; straightforward; misrepresented; communications; consolidating,0.0,0.0,0.0,0.2,0.0,0.0,0.6854987,newsroom had layoffs; been head scratching; journalists he hired; expansive agenda had; amortizing the costs,0.0,0.0,0,0.2,0.0,0.0,0.6581334
10,Exxon s Second Quarter Earnings Set a Record HOUSTON Exxon Mobil reported the best quarterly profit ever for a corporation on Thursday beating its own record but investors sold off shares as oil and n...,Company Reports; Exxon Mobil Corp; Royal Dutch Shell Plc,prices resumed their; year adding together; said senator charles; street had expected; profits were nearly,0.0,0.0,0,0.0,0.0,0.0,0.5402378,,0,0,0,0,0.0,0.0,0,disappointment; underinvesting; international; expropriation; difficulties,0.0,0.0,0.0,0.0,0.0,0.0,0.52773774,prices resumed their; prices now declining; year adding together; quarter earnings set; said senator charles,0.0,0.0,0,0.0,0.0,0.0,0.54187095
11,Hope dims to find missing Yazidi women enslaved by Islamic State sold to its fighters DAHUK IRAQ Baseh Hammo was 38 when she was enslaved by militants of the Islamic State group Raped and abused she w...,yazidis; islamic state; iraq; syria; baghouz; slavery; conflict; terrorism,stormed yazidi towns; after being abducted; abducted five years; among the thousands; forces resume their,0.0,0.0,0,0.0,0.0,0.0,0.672369,,0,0,0,0,0.0,0.0,0,indoctrinated; international; interrogation; unaccounted; countryside,0.0,0.0,0.0,0.0,0.0,0.0,0.77874213,stormed yazidi towns; yazidis were rescued; after being abducted; were finally trapped; young male relatives,0.0,0.0,0,0.2,0.0,0.0,0.68886364
12,Ex temp worker runs down 11 at Mazda plant in Hiroshima HIROSHIMA A former temporary worker at Mazda Motor Corp hit 11 Mazda employees with a car Tuesday morning at the automaker s plant in the city o...,mazda; hiroshima; toshiaki hikiji; murder,of hiroshima killing; mazda employees with; police said toshiaki; getting into trouble; hitting the workers,0.0,0.0,0,0.4,0.0,0.0,0.75088376,,0,0,0,0,0.0,0.0,0,prefectural; particular; conference; terminated; hiroshima,0.2,0.25,0.22222222222222224,0.2,0.05,0.15101961822780524,0.7377833,of hiroshima killing; mazda employees with; police said toshiaki; getting into trouble; knife the hiroshima,0.0,0.0,0,0.6,0.0,0.0,0.7885517
13,Nikkei closes above 22 000 for first time in four months Stocks soared on the Tokyo Stock Exchange on Monday with the benchmark Nikkei average topping 22 000 for the first time in four months The 225 ...,stocks; tse; equities,months stocks soared; daiwa house industry; steven mnuchin said; dow advancing close; executed the market,0.0,0.0,0,0.2,0.0,0.0,0.5895766,,0,0,0,0,0.0,0.0,0,psychologically; irregularities; manipulation; considerably; negotiations,0.0,0.0,0.0,0.0,0.0,0.0,0.6732014,months stocks soared; dow jones industrial; daiwa house industry; securities firm said; steven mnuchin said,0.0,0.0,0,0.2,0.0,0.0,0.6039427
14,Osaka vows to strengthen disaster measures one year on from quake OSAKA School and municipal government officials in Osaka Prefecture reaffirmed Tuesday their commitment to beefing up anti earthquake ...,osaka; schools; earthquakes,prayers have renewed; takatsuki where year; and trigger tsunamis; death after concrete; devote our energies,0.0,0.0,0,0.0,0.0,0.0,0.70773506,,0,0,0,0,0.0,0.0,0,municipalities; determination; preparedness; surrounding; prefectures,0.0,0.0,0.0,0.0,0.0,0.0,0.6992612,prayers have renewed; adviser had informed; takatsuki where year; and trigger tsunamis; death after concrete,0.0,0.0,0,0.0,0.0,0.0,0.6941024
15,Tokyo stocks turn lower amid vigilance over U S Mexico tariff talks Stocks fell back in slow trading on the Tokyo Stock Exchange Thursday as investors retreated to the sidelines to see developments as...,stocks; tse; nikkei 225,buying brokers said; in nonfarm payrolls; street extend gains; equities the tokyo,0.0,0.0,0,0.0,0.0,0.0,0.6228743,,0,0,0,0,0.0,0.0,0,negotiations; manufacturer; developments; expectations; automobiles,0.0,0.0,0.0,0.0,0.0,0.0,0.63295615,issues finished down; oriented issues drew; than expected growth; service firm recruit; prices they included,0.0,0.0,0,0.0,0.0,0.0,0.56387496
16,Indian City Overwhelmed by Air Pollution New Delhi Journal NEW DELHI When an acrid blanket of gray smog settled over India s capital last month environmentalists warned of health hazards India s Supre...,Air Pollution; Environment; New Delhi (India); Automobiles,people has struggled; city introduced host; smog has dissipated; minister has agreed; pollution has risen,0.0,0.0,0,0.0,0.0,0.0,0.575281,,0,0,0,0,0.0,0.0,0,environmentalists; transportation; environmental; roychowdhury; agricultural,0.0,0.0,0.0,0.4,0.0,0.0,0.6788626,people has struggled; ms roychowdhury said; has recommended more; city introduced host; policies that raised,0.0,0.0,0,0.0,0.0,0.0,0.5432952
17,British Agency Is Cleared of Illegal Data Gathering LONDON A parliamentary committee on Wednesday cleared Britain s electronic intelligence gathering agency of working with its American counterparts t...,Great Britain; Government Surveillance; NSA,said new legislation; further testament to; rifkind said adding; from other agencies; our inquiry has,0.0,0.0,0,0.0,0.0,0.0,0.57686293,,0,0,0,0,0.0,0.0,0,professionalism; communications; parliamentary; intelligence; surveillance,0.0,0.0,0.0,0.2,0.0,0.0,0.59348726,said new legislation; prism were unfounded; further testament to; gchq acted illegally; has announced plans,0.0,0.0,0,0.0,0.0,0.0,0.5762693
18,Emperor s abdication highlights the inconvenience behind the country s Imperial naming system For two weeks the media has been buzzing about the news that Emperor Akihito will abdicate before 2019 Ini...,abdication; emperor akihito; imperial family; royalty; emperor naruhito,scholar mentions how; scholar who believes; when queried during; story has attracted; make sure proposed,0.0,0.0,0,0.0,0.0,0.0,0.6868857,,0,0,0,0,0.0,0.0,0,inconvenience; international; syntactically; cryogenically; traditionally,0.0,0.0,0.0,0.0,0.0,0.0,0.70555407,scholar mentions how; scholar who believes; messing up calendars; churning out revised; will abdicate before,0.0,0.0,0,0.0,0.0,0.0,0.696146
19,WaMu s Lesson for Private Equity WaMu s Lesson For Private Equity The new era of private equity is proving treacherous for some old hands The collapse of the nation s largest savings and loan Washingt...,Private Equity; Credit; Washington Mutual Inc; TPG Capital; Subprime Mortgage Crisis,their investors paid; lender demise handed; advantages over wamu; capital tpg received; major private equity,0.0,0.0,0,0.2,0.0,0.0,0.63779986,,0,0,0,0,0.0,0.0,0,telecommunications; communications; entertainment; shareholders; collectively,0.0,0.0,0.0,0.0,0.0,0.0,0.6581552,their investors paid; investors paid after; lender demise handed; corsair partners has; advantages over wamu,0.0,0.0,0,0.0,0.0,0.0,0.5860549
20,Abe orders Japanese ministries to prepare response to asset seizures in South Korea following ruling on forced labor case Prime Minister Shinzo Abe has directed ministries to look into countermeasures...,south korea; shinzo abe; nippon steel; history; wartime labor,forced labor during; formally end their; response to asset,0.0,0.0,0,0.0,0.0,0.0,0.6696803,,0,0,0,0,0.0,0.0,0,countermeasures; constitutional; administration; international; compensation,0.0,0.0,0.0,0.0,0.0,0.0,0.70020753,islands off hokkaido; the government hopes; country according to; putin has expressed; forced labor during,0.0,0.0,0,0.0,0.0,0.0,0.6295134
21,If It s N B A Players vs Owners What About the Fans The N B A got younger this week what remains to been seen is whether the league got any wiser On Thursday dozens of N B A players met in New York wi...,Labor and Jobs; National Basketball Assn; Basketball; Hunter Billy; Stern David; Lockouts; Organized Labor,young players gushed; received its annual; well paid athletes; artest the lakers; dozens of players,0.0,0.0,0,0.0,0.0,0.0,0.6183729,,0,0,0,0,0.0,0.0,0,unpredictable; negotiations; professional; perceptively; commissioner,0.0,0.0,0.0,0.0,0.0,0.0,0.6662675,young players gushed; fans lose themselves; in dispute primarily; primarily over money; when labor disputes,0.0,0.0,0,0.0,0.0,0.0,0.60665894
22,Sheathing Planes in a New Skin to Repel Frost and Ice De icing aircraft with chemicals is expensive environmentally unfriendly and time consuming as stranded passengers during winter blizzards may be ...,Ice; Nanotechnology; Science and Technology,cause serious damage; way typically called; attracting he said; varanasi the study; wind turbines tend,0.0,0.0,0,0.0,0.0,0.0,0.5370833,,0,0,0,0,0.0,0.0,0,environmentally; applications; hydrophobic; researchers; performance,0.0,0.0,0.0,0.0,0.0,0.0,0.63004625,cause serious damage; way typically called; durable and scalable; better controlled by; believes that frost,0.0,0.0,0,0.0,0.0,0.0,0.5122682
23,Empress emerita told to take it easy after doctors diagnose heart valve abnormalities Empress Emerita Michiko has been diagnosed with heart valve abnormalities the Imperial Household Agency said Monda...,heart; abdication; royalty; emperor akihito; imperial family; empress michiko,scheduled the agency; valves that normally; tuesday as scheduled; sufficiently but her; also been diagnosed,0.0,0.0,0,0.0,0.0,0.0,0.64499724,,0,0,0,0,0.0,0.0,0,atrioventricular; abnormalities; sufficiently; difficulties; insufficient,0.0,0.0,0.0,0.0,0.0,0.0,0.72564185,diagnosed with heart; scheduled the agency; valves that normally; tuesday as scheduled; the emperor emeritus,0.0,0.0,0,0.2,0.0,0.0,0.6803557
24,At the S E C a Question of Home Court Edge SINCE Mary Jo White settled in as chairwoman of the Securities and Exchange Commission lots of tough talk has emanated from the agency about enforcement prio...,SEC; Judiciary; Dodd Frank; Andrew J Ceresney,reflects the agenda; because the judges; decided the agency; examiners he said; involved in these,0.0,0.0,0,0.0,0.0,0.0,0.5555925,,0,0,0,0,0.0,0.0,0,administrative; administration; transportation; constitutional; investigation,0.0,0.0,0.0,0.0,0.0,0.0,0.63877267,say raises questions; reflects the agenda; cohen lawyers asked; comes to penalizing; changes mr ceresney,0.0,0.0,0,0.0,0.0,0.0,0.6024133
25,Teeth of Australopithecines Hold Clues to Social Structure Researchers studying the diet of human ancestors who lived two million years ago in southern Africa have unexpectedly come across a crucial c...,Research; Evolution; Teeth and Dentistry; Monkeys and Apes; Science and Technology,the evidence emerged; teeth were completed; obliges the females; then allowed males,0.0,0.0,0,0.0,0.0,0.0,0.65126586,,0,0,0,0,0.0,0.0,0,australopithecines; australopithecine; reconstructing; territoriality; primatologist,0.0,0.0,0.0,0.0,0.0,0.0,0.6555351,the evidence emerged; teeth were completed; developing pair bond; obliges the females; because they ranged,0.0,0.0,0,0.0,0.0,0.0,0.62791085
26,Scientists warn of unprecedented changes on Japan s marine life as amount of CO2 increases LONDON Japan s marine life could see unprecedented changes if carbon dioxide emissions keep increasing a team...,marine life; co2 emissions; ocean; corals; environment,which reduces levels; more commonly known; tsukuba said there; reduced the ocean; changes on japan,0.0,0.0,0,0.2,0.0,0.0,0.623304,,0,0,0,0,0.0,0.0,0,unprecedented; preindustrial; acidification; biodiversity; universities,0.0,0.0,0.0,0.0,0.0,0.0,0.7346082,which reduces levels; find tropical corals; major degradation of; barren and dominated; various team members,0.0,0.0,0,0.2,0.0,0.0,0.67776906
27,Chilean officials say man died while handling bomb SANTIAGO A man handling a bomb died when the device exploded in downtown Santiago on Thursday officials said adding to a string of blasts in Chile s ...,chile; bomb; anarchist; fatality; michelle bachelet; terrorist,in downtown santiago; four bombs including; posted online photos; explosion comes two; after three alleged,0.0,0.0,0,0.2,0.0,0.0,0.6385486,,0,0,0,0,0.0,0.0,0,circumstance; manipulating; anarchists; prosecutor; penailillo,0.0,0.0,0.0,0.2,0.018518518518518517,0.0,0.8076364,in downtown santiago; penailillo said that; four bombs including; posted online photos; santiago on thursday,0.0,0.0,0,0.2,0.0,0.0,0.6572623
28,Japan to ease language requirements for foreign nursing care trainees amid sluggish growth in applications The central government plans to ease language requirements for foreign technical interns in t...,nursing care; jobs; elderly; immigration; nihongo; foreign trainees,language the sources; foreign nursing care; japan introduced the; two additional years; lawyers and teachers,0.0,0.0,0,0.2,0.0,0.0,0.7052973,,0,0,0,0,0.0,0.0,0,requirements; professional; transferring; continuously; applications,0.0,0.0,0.0,0.2,0.0,0.0,0.68210393,language the sources; foreign nursing care; japan introduced the; two additional years; lawyers and teachers,0.0,0.0,0,0.2,0.0,0.0,0.7052973
29,Commission Gives Insight on Expected Health Increases WASHINGTON State regulators are looking for ways to protect consumers against increases in health insurance rates that they expect to occur next y...,"Health Insurance; Obamacare,Affordable Care Act; National Assn of Insurance Commissioners; US states",reduce costs however; already tax premiums; solvency of insurers; conditions she said,0.0,0.0,0,0.0,0.0,0.0,0.58734596,,0,0,0,0,0.0,0.0,0,administration; commissioners; acknowledged; establishing; supplemental,0.0,0.0,0.0,0.2,0.0,0.0,0.59706485,reduce costs however; already tax premiums; solvency of insurers; federal law insurers; reducing the choices,0.0,0.0,0,0.0,0.0,0.0,0.5794593
30,City Manchester in the City N Y What do Brooklyn Bridge Park the High Line Yankee Stadium and Rucker Park have in common besides being part of the fabric of New York City On Monday the day before Orla...,Soccer; Manchester City Soccer Team; MLS; New York City Football Club Soccer Team,silva and goalkeeper; north american tour; movement was filmed; before orlando city; city is partnership,0.0,0.0,0,0.0,0.0,0.0,0.5565349,,0,0,0,0,0.0,0.0,0,accommodations; announcement; partnership; manchester; goalkeeper,0.0,0.0,0.0,0.2,0.0,0.0,0.6744379,silva and goalkeeper; soccer ball tethered; north american tour; movement was filmed; line yankee stadium,0.0,0.0,0,0.2,0.0,0.0,0.59763086
31,Former top Vatican official calls on Pope to resign amid abuse crisis BOSTON DUBLIN A former top Vatican official accused Pope Francis of having known of allegations of sex abuse by a prominent U S ca...,abuse; pope francis; sex abuse; children; religion,accused pope francis; media outlets during; had sexually abused; bishops who covered; were first reported,0.0,0.0,0,0.4,0.0,0.0,0.68732315,,0,0,0,0,0.0,0.0,0,conservative; undercutting; exploitation; allegations; resignation,0.0,0.0,0.0,0.0,0.0,0.0,0.7848176,his fellow cardinals; highly charged visit; accused pope francis; once deeply catholic; media outlets during,0.0,0.0,0,0.2,0.0,0.0,0.69036645
32,Suspected foreign jihadis caught in Syria may face harsh justice in Iraq as home countries shun them BAGHDAD Their home countries don t want them and holding trials in Syria isn t an option Now suspec...,syria; iraq; islamic state; courts; terrorism,captives were handed; their home countries; those detained asked; service they include; hundreds of jihadis,0.0,0.0,0,0.0,0.0,0.0,0.6344438,,0,0,0,0,0.0,0.0,0,representatives; responsibility; international; repatriations; announcement,0.0,0.0,0.0,0.0,0.0,0.0,0.69165933,captives were handed; their home countries; those detained asked; attended the baghdad; its reluctant allies,0.0,0.0,0,0.0,0.0,0.0,0.6806466
33,Imperial couple conduct first official duty outside Tokyo since ascension NAGOYA Emperor Naruhito and Empress Masako attended a national tree planting ceremony in Aichi Prefecture on Sunday in their f...,emperor naruhito; empress masako; imperial family,the emperor ascended; discontinued in 2009; ascended the throne; outside tokyo since; city of owariasahi,0.0,0.0,0,0.0,0.0,0.0,0.6617718,,0,0,0,0,0.0,0.0,0,traditionally; discontinued; cryptomeria; owariasahi; prefecture,0.0,0.0,0.0,0.0,0.0,0.0,0.7187654,the emperor ascended; planting ceremony in; discontinued in 2009; couple conduct first; emeritus akihito who,0.0,0.0,0,0.0,0.0,0.0,0.7375885
34,A Religious Candidate Is Ascendant in Turkey After being shut out of the presidency last spring Abdullah Gul a religious man in the assiduously secular realm of Turkish politics allowed himself a litt...,Turkey; Islam; Elections; Gul Abdullah; Politics and Government,were introduced half; parliament who works; soft drinks because; his candidacy after; hoping to persuade,0.0,0.0,0,0.0,0.0,0.0,0.5970923,,0,0,0,0,0.0,0.0,0,accomplishments; internalization; representation; systematically; overwhelmingly,0.0,0.0,0.0,0.0,0.0,0.0,0.6460328,were introduced half; revolution he argues; parliament who works; turkish state needed; democracy that makes,0.0,0.0,0,0.0,0.0,0.0,0.6177576
35,Congress gives U S attorney general deadline to release full Mueller report WASHINGTON President Donald Trump and a senior U S House Democrat tightened the screws on U S Attorney General William Barr ...,congress; donald trump; william barr; robert mueller; u.s .; 2016 u.s. presidential election; russia probe,let mueller testify; to congress mueller; trump had committed; mueller report said; wrote the justice,0.0,0.0,0,0.2,0.0,0.0,0.77095586,,0,0,0,0,0.0,0.0,0,misrepresenting; representatives; investigations; investigation; misstatements,0.0,0.0,0.0,0.0,0.0,0.0,0.7053137,offered to negotiate; release full mueller; tightened the screws; its baseless refusal; took heavy criticism,0.0,0.0,0,0.0,0.0,0.0,0.71033007
36,North Korea s Kim to meet Putin in Vladivostok on Thursday Kremlin aide MOSCOW North Korean leader Kim Jong Un will meet Russian President Vladimir Putin in the eastern Russian city of Vladivostok on ...,north korea; kim jong un; russia; vladimir putin,leaders will discuss; the korean peninsula; because of sanctions; process ushakov said; reporters on tuesday,0.0,0.0,0,0.0,0.0,0.0,0.6769292,,0,0,0,0,0.0,0.0,0,vladivostok; maintaining; interested; diplomatic; sanctions,0.0,0.0,0.0,0.0,0.0,0.0,0.72554404,leaders will discuss; the korean peninsula; because of sanctions; putin in vladivostok; of sanctions against,0.0,0.0,0,0.0,0.0,0.0,0.7066965
37,A Cube With a Twist At 40 It Puzzles Anew JERSEY CITY A Rubik s cube can be twisted and twiddled in 43 252 003 274 489 856 000 different ways and 43 252 003 274 489 855 999 of them are wrong Those tru...,Puzzle; Paul Hoffman; Liberty Science Center; Erno Rubik; Rubik's Cube; Robot; Games,its popularity faded; cubing also involved; made some intriguing; told two journalists; the professor known,0.0,0.0,0,0.0,0.0,0.0,0.5650583,,0,0,0,0,0.0,0.0,0,ingeniousness; traditionally; manufacturers; unscrambling; intellectual,0.0,0.0,0.0,0.0,0.0,0.0,0.6078812,its popularity faded; cubing also involved; made some intriguing; also involved muscle; anthony brooks speed,0.0,0.0,0,0.0,0.0,0.0,0.57552725
38,M87 Powehi There are no rules on naming black holes WASHINGTON The supermassive black hole featured in a photographic first Wednesday is a beast with no name at least not an official one And what happ...,u.s .; space; astronomy,larry kimura stepped; telescopes the first; goddess of fertility; three proposed names; somehow got demoted,0.0,0.0,0,0.0,0.0,0.0,0.63536334,,0,0,0,0,0.0,0.0,0,constellations; international; astronomical; ultramassive; planetesimal,0.0,0.0,0.0,0.0,0.0,0.0,0.83019984,larry kimura stepped; telescopes the first; goddess of fertility; three proposed names; the planet committee,0.0,0.0,0,0.0,0.0,0.0,0.64858305
39,Product Information on the Canon HG10 Camcorder As camcorders become smaller and better hard drives are replacing tape storage and high definition is getting more affordable The Canon HG10 for 1 299 w...,Camcorders; Canon Inc,affordable the canon; drives are replacing; coming avchd format; internal hard drive; which gives roughly,0.0,0.0,0,0.0,0.0,0.0,0.6232753,,0,0,0,0,0.0,0.0,0,magnification; stabilization; photography; information; camcorders,0.2,0.5,0.28571428571428575,0.2,0.1,0.23719771276929622,0.6798207,affordable the canon; as camcorders become; of budding hollywood; side three megapixel; drives are replacing,0.0,0.0,0,0.2,0.0,0.0,0.6651152
40,Of Course It s Fresh The Chef Grew It RINGOES N J It is near midday and the parking lot of the Harvest Moon Inn is empty Stanley Novak s shift as chef is hours away but he has been working already cut...,Chefs; Restaurants; New Jersey; Gardens and Gardening; Local Food,inn in bernardsville; theresa opened their; tasting them cutting; raised beds stuffed; just minutes before,0.0,0.0,0,0.0,0.0,0.0,0.6188127,,0,0,0,0,0.0,0.0,0,pickedrestaurants; baciorestaurant; harvestmooninn; bernardsville; cinnaminson,0.0,0.0,0.0,0.2,0.0,0.0,0.6545153,inn in bernardsville; theresa opened their; whose chefs growsome; tasting them cutting; raised beds stuffed,0.0,0.0,0,0.2,0.0,0.0,0.64392996
41,Antti Raanta Delivers Shutout in Rangers Debut Antti Raanta was just looking to get a win in his Rangers debut He did much more than that Raanta stopped all 22 shots he faced to become the fourth goal...,Antti Raanta; Rangers; San Jose Sharks; Ice hockey,rangers were killing; shutouts two rangers; winless streak after; kevan miller plachta; the scoring coyotes,0.0,0.0,0,0.4,0.0,0.0,0.70452166,,0,0,0,0,0.0,0.0,0,neighborhood; springfield; significant; performance; goaltenders,0.0,0.0,0.0,0.0,0.0,0.0,0.6812755,rangers were killing; shutouts two rangers; winless streak after; kevan miller plachta; in franchise history,0.0,0.0,0,0.4,0.0,0.0,0.7000629
42,Nikkei average closes at 22 532 after falling on overnight Wall Street plunge Stocks sank further on the Tokyo Stock Exchange on Friday with investor sentiment dampened by a Wall Street plunge overnig...,nikkei; stocks; topix,initial selling said; weaker than expected; friday session after; morning eased later; the market downside,0.0,0.0,0,0.0,0.0,0.0,0.576454,,0,0,0,0,0.0,0.0,0,pharmaceutical; construction; consolidated; caterpillar; outnumbered,0.0,0.0,0.0,0.0,0.0,0.0,0.6861478,initial selling said; weaker than expected; yamada denki plunged; however both indexes; market gauge dropped,0.0,0.0,0,0.0,0.0,0.0,0.6252783
43,Dollar falls below 111 30 in Tokyo trading The dollar slipped through 111 30 in Tokyo trading Tuesday hurt by lower Japanese share prices At 5 p m the dollar stood at 111 26 27 down from 111 48 48 at ...,currencies; forex,said currency broker; toward noon although; supported by buying; tuesday the broker; dollar falls below,0.0,0.0,0,0.0,0.0,0.0,0.5912528,,0,0,0,0,0.0,0.0,0,projections; temporarily; rekindled; committee; quarterly,0.0,0.0,0.0,0.0,0.0,0.0,0.67055875,currency broker said; said currency broker; dollar dropped below; the dollar investors; toward noon although,0.0,0.0,0,0.0,0.0,0.0,0.6097656
44,Dueling Guitars in Gameland MTV and Activision Face Off The holiday season is when all the action takes place in the video game business and this year has already pitted Microsoft s Xbox 360 against S...,Guitars; MTV Networks; Computer and Video Games; Rock Music; Activision Incorporated,previous guitar hero; depend on franchises; their revenue during; established the mtv; rivalry between mtv,0.0,0.0,0,0.0,0.0,0.0,0.59159654,,0,0,0,0,0.0,0.0,0,entertainment; stratocaster; mockumentary; increasingly; playstation,0.0,0.0,0.0,0.0,0.0,0.0,0.630661,previous guitar hero; depend on franchises; their revenue during; its core demographic; established the mtv,0.0,0.0,0,0.0,0.0,0.0,0.5928138
45,Louisville Turns Back Cincinnati s Late Run and Rules the Big East The last time that Louisville and Cincinnati met in a league tournament title game the Cardinals beat the Bearcats in the Metro Confe...,Basketball; University of Louisville; Basketball (College); University of Cincinnati; Big East Conference; Pitino Rick; College Athletics,minutes the bearcats; see nebraska leaving; game the cardinals; defined the league; schedule has long,0.0,0.0,0,0.0,0.0,0.0,0.592526,,0,0,0,0,0.0,0.0,0,disappointing; construction; partisanship; familiarity; forgettable,0.0,0.0,0.0,0.0,0.0,0.0,0.6964607,minutes the bearcats; see nebraska leaving; explained the sloppy; in league tournament; satisfy the monetary,0.0,0.0,0,0.0,0.0,0.0,0.6105323
46,Tokyo stocks tumble on Trump s Mexico tariff threat Stocks took a plunge on the Tokyo Stock Exchange on Friday battered by the yen s sharp rise against the dollar after U S President Donald Trump thre...,stocks; tse; nikkei 225,issues finished down; nikkei average dived; selling in companies; prices they included; months brokers said,0.0,0.0,0,0.0,0.0,0.0,0.5885185,,0,0,0,0,0.0,0.0,0,pharmaceutical; manufacturing; increasingly; announcement; outnumbered,0.0,0.0,0.0,0.0,0.0,0.0,0.58210886,issues finished down; nikkei average dived; weaker than expected; tokyo market brokers; threatened to impose,0.0,0.0,0,0.0,0.0,0.0,0.6118761
47,In Asteroid s Aftermath a Sigh of Relief Using an eclectic mix of crowd sourced video information from Google Earth and data from nuclear test ban sensors scientists have gotten a much more accurate p...,Asteroid; Russia; Research; University of Western Ontario; University of Antioquia; Meteors and Meteorites; Chelyabinsk Russia; Outer space,had detonated closer; about small asteroid; exploded last month; said his foundation; western ontario who,0.0,0.0,0,0.2,0.0,0.0,0.67244166,,0,0,0,0,0.0,0.0,0,superpressurized; characteristics; congressional; massachusetts; superimposing,0.0,0.0,0.0,0.0,0.0,0.0,0.6962885,had detonated closer; about small asteroid; contributed to surge; shadows of lampposts; ban sensors provided,0.0,0.0,0,0.2,0.0,0.0,0.6624954
48,IMF cuts global growth outlook to lowest since financial crisis WASHINGTON The International Monetary Fund cut its outlook for global growth to the lowest since the financial crisis amid a bleaker out...,imf; economic growth; global economy,economy decade after; the washington based; raised its forecast; crisis lagarde said; reflects the impact,0.0,0.0,0,0.0,0.0,0.0,0.5745114,,0,0,0,0,0.0,0.0,0,manufacturing; international; developments; expectations; negotiations,0.0,0.0,0.0,0.0,0.0,0.0,0.6195056,economy decade after; weak domestic demand; year down percentage; the washington based; raised its forecast,0.0,0.0,0,0.0,0.0,0.0,0.59114563
49,Japan Backs Off From Emissions Targets Citing Fukushima Disaster TOKYO Japan took a major step back on Friday from earlier pledges to slash its greenhouse gas emissions saying a shutdown of its nuclea...,Japan; Greenhouse gas; Global Warming; Kyoto Protocol; Climate Change; Fukushima Daiichi Nuclear Disaster; UNFCCC,its own calculations; adopted narrow goal; target more broadly; its nuclear plants; reduce its current,0.0,0.0,0,0.0,0.0,0.0,0.5907218,,0,0,0,0,0.0,0.0,0,communications; responsibility; environmental; preindustrial; international,0.0,0.0,0.0,0.0,0.0,0.0,0.654247,its own calculations; diversify its energy; burning fossil fuels; from earlier pledges; about the difficulty,0.0,0.0,0,0.0,0.0,0.0,0.6232012
50,Meaty vending machine lets Parisians buy sausages steaks 24 7 PARIS With their beloved baguette already available 24 hours a day it seems only logical that Parisians can now get the Bayonne ham and Ba...,meat; vending machines; france,intestines he bought; those shops florence; stop running errands; their favorite shop; shops remain closed,0.0,0.0,0,0.0,0.0,0.0,0.64580595,,0,0,0,0,0.0,0.0,0,andouillettes; andouillette; delicatessen; refrigerated; restaurants,0.0,0.0,0.0,0.0,0.0,0.0,0.70954156,buy my andouillettes; intestines he bought; those shops florence; stop running errands; beef carpaccio there,0.0,0.0,0,0.0,0.0,0.0,0.6450185
51,The Sun That Did Not Roar This is the height of the 11 year solar cycle the so called solar maximum The face of the Sun should be pockmarked with sunspots and cataclysmic explosions of X rays and part...,Sun; NASA; Solar Dynamics Observatory; Space,started counting has; called solar maximum; joseph kunches space; more specks appeared; more head scratching,0.0,0.0,0,0.2,0.0,0.0,0.5936427,,0,0,0,0,0.0,0.0,0,technological; understanding; periodically; civilization; enlightening,0.0,0.0,0.0,0.0,0.0,0.0,0.59925616,started counting has; called solar maximum; the minimal sunspots; joseph kunches space; more specks appeared,0.0,0.0,0,0.4,0.0,0.0,0.5982809
52,As N C A A Issues Pile Up a Call for a Commission After hearings on Capitol Hill this year to examine the N C A A and college sports some lawmakers believe they have found the next step for the federa...,College Sports; Jim Moran; NCAA; US Politics; Labor Unions,discussed the issues; athletes the budgets; attended the meeting; sports which served; group who attended,0.0,0.0,0,0.0,0.0,0.0,0.51876104,,0,0,0,0,0.0,0.0,0,representatives; representative; administration; comprehensive; northwestern,0.0,0.0,0.0,0.0,0.0,0.0,0.5284165,discussed the issues; athletes the budgets; attended the meeting; discussed tuesday mr; finances the federal,0.0,0.0,0,0.0,0.0,0.0,0.53844416
53,Brazil s Sao Paulo Shimbun largest overseas Japanese language newspaper closes after 72 years SAO PAULO The Sao Paulo Shimbun newspaper has printed its final edition ending a 72 year run as a vital re...,brazil; sao paulo shimbun; helen mizumoto; japan world war ii,mizumoto said adding; largest country into; the first immigrants; final edition ending; needed more workers,0.0,0.0,0,0.0,0.0,0.0,0.6737805,,0,0,0,0,0.0,0.0,0,modernization; international; agricultural; deteriorated; negotiations,0.0,0.0,0.0,0.0,0.0,0.0,0.66289276,mizumoto said adding; helena mizumoto said; owned businesses the; largest country into; the first immigrants,0.0,0.0,0,0.0,0.0,0.0,0.72747916
54,Japan approves plan to send SDF officers to Sinai on first non U N peacekeeping mission The government on Tuesday approved sending two Self Defense Forces officers to a multinational peacekeeping forc...,sinai; peacekeeping; egypt; israel; mfo; self defense forces,cease fire agreement; suga separately told; united nations japan; two gsdf members; of our country,0.0,0.0,0,0.0,0.0,0.0,0.6691988,,0,0,0,0,0.0,0.0,0,implementation; international; participation; multinational; parliamentary,0.0,0.0,0.0,0.0,0.023809523809523808,0.0,0.7110801,approved sending two; cease fire agreement; peninsula in eastern; suga separately told; monitoring the cease,0.0,0.0,0,0.0,0.0,0.0,0.67248833
55,Justice Ministry to accept online Japan visa renewals from July but only by employers and agents The Justice Ministry announced Tuesday that it will introduce an online application system for visa ren...,justice ministry; immigration; foreign workers; expats; foreign trainees,employers and agents; diplomats short term; three years starting; more foreign workers; introduce an online,0.0,0.0,0,0.2,0.0,0.0,0.69673115,,0,0,0,0,0.0,0.0,0,organizations; professionals; announcement; registration; organization,0.0,0.0,0.0,0.2,0.025,0.0,0.7017131,employers and agents; diplomats short term; submit related forms; attract more foreign; three years starting,0.0,0.0,0,0.0,0.0,0.0,0.674854
56,Sex tapes apparently showing Mahathir aide with another man cloud PM s succession plan KUALA LUMPUR Leaked sex videos purporting to show a potential successor to Malaysian Prime Minister Mahathir Moha...,sex; malaysia; mahathir mohamad; mohamed azmin ali; anwar ibrahim; lgbt; scandals; sexuality,cutting mahathir has; has fueled suspicion; convinced the videos; government term said; has sharpened focus,0.0,0.0,0,0.0,0.0,0.0,0.70503515,,0,0,0,0,0.0,0.0,0,unscrupulously; relationship; increasingly; investigated; acknowledged,0.0,0.0,0.0,0.0,0.0,0.0,0.6686629,cutting mahathir has; has fueled suspicion; said mahathir office; convinced the videos; government term said,0.0,0.0,0,0.0,0.0,0.0,0.7181533
57,Nobel winner Tasuku Honjo sees bigger role for immunotherapy in battling cancer STOCKHOLM Japanese scientist Tasuku Honjo who jointly won this year s Nobel Prize in physiology or medicine for his rese...,tasuku honjo; cancer; nobel prize; medicine; james allison; health,advanced study spoke; fund was established; enhances the immune; assembly honjo said; his team discovered,0.0,0.0,0,0.0,0.0,0.0,0.65521514,,0,0,0,0,0.0,0.0,0,revolutionized; serendipities; immunotherapy; effectiveness; commemorating,0.0,0.0,0.0,0.0,0.0,0.0,0.68723583,established at kyoto; cancer cells through; advanced study spoke; fund was established; scheduled to deliver,0.0,0.0,0,0.2,0.0,0.0,0.62340677
58,Boko Haram hits Nigerian city after thousands flee military operation KANO NIGERIA Boko Haram fighters attacked the northeast Nigerian city of Damaturu for the first time since late 2014 residents sai...,boko haram; nigeria; damaturu; yobe; islamic state; terrorism,city after thousands; soldiers were killed; maisandari area told; offensive two locals; against the jihadis,0.0,0.0,0,0.0,0.0,0.0,0.70028836,,0,0,0,0,0.0,0.0,0,neighbouring; coordinator; neighboring; possessions; traditional,0.0,0.0,0.0,0.0,0.0,0.0,0.80534315,shekau launched dawn; city after thousands; soldiers were killed; fighters were behind; maisandari area told,0.0,0.0,0,0.0,0.0,0.0,0.69077504
59,Toyota and Subaru agree to jointly develop electric SUVs Toyota Motor Corp and Subaru Corp said Thursday they have agreed to jointly develop an electric sports utility vehicle to be sold under each co...,toyota; subaru; suv; u.s .; carmakers,automakers said they; developed sports car; developed vehicle by; large passenger cars; electric suvs toyota,0.0,0.0,0,0.2,0.0,0.0,0.66481626,,0,0,0,0,0.0,0.0,0,electrification; technological; collaborating; connectivity; technologies,0.0,0.0,0.0,0.0,0.0,0.0,0.6793758,automakers said they; co developed vehicle; developed sports car; developed vehicle by; large passenger cars,0.0,0.0,0,0.0,0.0,0.0,0.66037285
60,Global security officials meet to hammer out united 5G security approach PRAGUE Global cooperation is key to ensuring the security of 5G networks cyber security officials said on Thursday at a meeting...,5g; telecoms; huawei; europe; japan; russia; china; cybersecurity; u.s .; eu,preparing to auction; providers could find; prague because they; cities to augmented; involve the entire,0.0,0.0,0,0.0,0.0,0.0,0.6509779,,0,0,0,0,0.0,0.0,0,representatives; cybersecurity; international; participating; participants,0.2,0.1,0.13333333333333333,0.2,0.05,0.21398626473452756,0.788094,preparing to auction; providers could find; participants said no; could find difficult; the dutch government,0.0,0.0,0,0.0,0.0,0.0,0.63767874
61,Texas Will Require Burial of Aborted Fetuses Texas approved new rules this week requiring health care facilities that perform abortions to bury the fetal remains instead of disposing of them in a sani...,"Texas; Abortion; Greg Abbott; Women's rights,Feminism",rules were finalized; concerns were taken; rules aborted fetal; services has failed; this week requiring,0.0,0.0,0,0.0,0.0,0.0,0.59764445,,0,0,0,0,0.0,0.0,0,unconstitutional; consideration; reproductive; restrictions; particularly,0.0,0.0,0.0,0.0,0.0,0.0,0.6097434,rules were finalized; has been incinerated; women who miscarried; said people comments; to reproductive care,0.0,0.0,0,0.0,0.0,0.0,0.5675004
62,Chinese ride sharing giant Didi Chuxing admits responsibility after passenger is raped murdered BEIJING Chinese ride hailing giant Didi Chuxing said Sunday it will suspend its carpooling service after...,didi chuxing; murder; police; china; transportation,continuing didi said; during early morning; seeking help before; angry users voiced; serve the mobility,0.0,0.0,0,0.0,0.0,0.0,0.6900764,,0,0,0,0,0.0,0.0,0,responsibility; investigation; aggressively; automobility; announcement,0.0,0.0,0.0,0.0,0.0,0.0,0.6784867,continuing didi said; service which allows; mobility demand said; during early morning; police have arrested,0.0,0.0,0,0.2,0.0,0.0,0.66410697
63,Top American Pair Splits The two time United States pairs champions Marissa Castelli and Simon Shnapir who finished ninth at the Olympics ended their partnership Both skaters are looking to continue t...,Marissa Castelli; Simon Shnapir; Figure skating,olympics ended their; shnapir who finished; careers with another; american pair splits; with another partner,0.0,0.0,0,0.2,0.0,0.0,0.6126628,,0,0,0,0,0.0,0.0,0,partnership; champions; castelli; finished; continue,0.0,0.0,0.0,0.2,0.0,0.0,0.6055414,olympics ended their; shnapir who finished; careers with another; american pair splits; with another partner,0.0,0.0,0,0.2,0.0,0.0,0.6126628
64,Brands to Ad Agencies Diversify or Else The advertising industry has tried for decades with little success to shed its Mad Men like reputation as a profession dominated by white men Now some of the wo...,"General Mills; American Association of Advertising Agencies; advertising,marketing; Race and Ethnicity; Women and Girls; Discrimination; Job Recruiting and Hiring; Verizon Communications; HP Inc",expected agencies to; diversify mr fanuele; about their markets; from argentina said; three major brands,0.0,0.0,0,0.2,0.0,0.0,0.6008307,,0,0,0,0,0.0,0.0,0,understanding; possibilities; illustrating; particularly; advertising,0.0,0.0,0.0,0.2,0.0,0.0,0.66437864,how agencies pitched; expected agencies to; diversify mr fanuele; mills after learning; would increase those,0.0,0.0,0,0.2,0.0,0.0,0.5990216
65,Philippines ready and able to create its own space agency minister says MANILA The Philippines is ripe to establish its own space agency the country s science and technology minister said Thursday Cit...,philippines; space,said citing linkages; the country science; creating the agency; and projects needed; added guevara said,0.0,0.0,0,0.0,0.0,0.0,0.6244801,,0,0,0,0,0.0,0.0,0,representatives; microsatellites; microsatellite; undersecretary; infrastructure,0.0,0.0,0.0,0.0,0.0,0.0,0.6760908,said citing linkages; the country science; the human resources; creating the agency; and projects needed,0.0,0.0,0,0.0,0.0,0.0,0.6266712
66,Military Contractors Await Details of Obama s Budget The good news for big military contractors from President Obama s budget this week was his proposal to increase the basic Pentagon budget by 4 perc...,United States Armament and Defense; Defense Contracts; Budgets and Budgeting; United States Economy,adjusted terms since; were also concerned; budget the defense; government has set; their seats said,0.0,0.0,0,0.0,0.0,0.0,0.6179274,,0,0,0,0,0.0,0.0,0,administration; sophisticated; extraordinary; controversial; deliberations,0.0,0.0,0.0,0.0,0.0,0.0,0.6196621,total defense budget; adjusted terms since; advanced jet fighter; others say president; to persuade congress,0.0,0.0,0,0.0,0.0,0.0,0.6487029
67,Pressure Is on Germany to Narrow Its Trade Gap FRANKFURT Germany s huge trade surplus a source of pride for Germans but an irritant to the rest of Europe could undergo much tougher European Union scru...,Germany; International trade; Euro Crisis; GNP; EU,has depressed demand; procedure the german; would welcome review; undergo much tougher,0.0,0.0,0,0.0,0.0,0.0,0.55476344,,0,0,0,0,0.0,0.0,0,competitiveness; acknowledgment; insufficiently; administrative; prescriptions,0.0,0.0,0.0,0.0,0.0,0.0,0.652187,has depressed demand; procedure the german; were too competitive; clear their concerns; would welcome review,0.0,0.0,0,0.0,0.0,0.0,0.573964
68,Special Hello Kitty dessert buffet available at Hilton Osaka OSAKA A Hello Kitty themed dessert buffet is now available at Hilton Osaka to mark the key anniversaries of one of the world s most beloved...,hello kitty; hilton osaka; osaka,kitty themed dessert; decorated with hello; anniversary of hello; photogenic sweets in; the 45th anniversary,0.0,0.0,0,0.0,0.0,0.0,0.67674553,,0,0,0,0,0.0,0.0,0,anniversaries; anniversary; photogenic; characters; available,0.0,0.0,0.0,0.0,0.0,0.0,0.6139924,kitty themed dessert; kitty dessert buffet; decorated with hello; anniversary of hello; organized the buffet,0.0,0.0,0,0.0,0.0,0.0,0.69749975
69,Saudi Arabia s strategy of silence on Khashoggi risky amid media storm analysts DUBAI Riyadh s silence since shrugging off as baseless reports of a state sponsored killing of Saudi columnist Jamal Kha...,saudi arabia; media; jamal khashoggi; murder; mohammed bin salman; turkey,answers to khashoggi; salman has suffered; said dorsey fellow; leaving the saudi,0.0,0.0,0,0.0,0.0,0.0,0.78818524,,0,0,0,0,0.0,0.0,0,internationally; responsibility; international; disappearance; assassination,0.0,0.0,0.0,0.0,0.0,0.0,0.7245274,answers to khashoggi; lifting decades long; reported the kingdom; salman has suffered; then has maintained,0.0,0.0,0,0.0,0.0,0.0,0.7499207
70,White House and Justice officials discussed Robert Mueller report say media WASHINGTON U S Justice Department officials had numerous conversations in recent days with White House lawyers about the con...,robert mueller; william barr; donald trump; rod rosenstein; u.s .; democrats; russia probe,president legal team; rebuttal to redacted; thursday to discuss; engaged in criminal; morning the justice,0.0,0.0,0,0.0,0.0,0.0,0.7154296,,0,0,0,0,0.0,0.0,0,investigation; conversations; interference; obstruction; conclusions,0.0,0.0,0.0,0.0,0.0,0.0,0.7773869,president legal team; released on thursday; rebuttal to redacted; wednesday mueller on; the main conclusions,0.0,0.0,0,0.0,0.0,0.0,0.7297768
71,James H Quello 95 Ex F C C Commissioner Who Championed the Industry James H Quello who as a generally pro business member of the Federal Communications Commission from the 1970s to the 1990s helped pr...,Federal Communications Commission; Television; Quello James H; Deaths (Obituaries),airwaves wrote rules; said the marketplace; quello had replaced; was indeed democrat; issue that involved,0.0,0.0,0,0.0,0.0,0.0,0.5840041,,0,0,0,0,0.0,0.0,0,telecommunications; communications; representative; granddaughters; opportunities,0.0,0.0,0.0,0.2,0.0,0.0,0.617128,airwaves wrote rules; senators demanded it; its supporters could; said the marketplace; quello had replaced,0.0,0.0,0,0.0,0.0,0.0,0.5707363
72,Islamic State Voice of Paris attacks killed in Syria airstrike sources say PARIS A top French Islamic State jihadi who became notorious after voicing an audio recording claiming responsibility for the...,islamic state; paris attacks; syria; fabien clain; terrorism; baghouz; france; u.s .,rifles had conducted; faransi converted to; paris attacks killed; backed syrian forces; last syrian redoubt,0.0,0.0,0,0.6,0.0,0.0,0.7609262,,0,0,0,0,0.0,0.0,0,responsibility; confirmation; radicalized; responsible; slaughtered,0.0,0.0,0.0,0.0,0.0,0.0,0.74665034,rifles had conducted; faransi converted to; paris attacks killed; backed syrian forces; and carrying assault,0.0,0.0,0,0.4,0.0,0.0,0.7629453
73,Getting Mortgage Payment Cut Takes Patience and Luck On the day in June when her mortgage company finally agreed to lower her monthly payments Yolanda Thomas felt a twinge of hope that she would hold ...,Mortgages; Foreclosures; Housing and Real Estate; Layoffs and Job Reductions; Labor and Jobs; Queens (NYC),reduced her payments; her queens apartment; thomas should indeed; millions of troubled; beginning of october,0.0,0.0,0,0.0,0.0,0.0,0.66631377,,0,0,0,0,0.0,0.0,0,administration; modification; significance; instructions; insufficient,0.0,0.0,0.0,0.0,0.0,0.0,0.66566294,reduced her payments; her reduced payments; her queens apartment; thomas should indeed; millions of troubled,0.0,0.0,0,0.0,0.0,0.0,0.6790302
74,Fiancee of murdered Saudi journalist Jamal Khashoggi says Japan should broach subject at G20 summit LONDON The fiancee of slain Saudi Arabian journalist Jamal Khashoggi has called on the Japanese gove...,jamal khashoggi; g20; saudi arabia; osaka; hatice cengiz,khashoggi has called; turkey meanwhile has; operators killed him; case turkey dwelled; world leaders other,0.0,0.0,0,0.0,0.0,0.0,0.7023486,,0,0,0,0,0.0,0.0,0,dissatisfaction; responsibility; administration; investigation; extraordinary,0.0,0.0,0.0,0.0,0.0,0.0,0.6124128,khashoggi has called; meanwhile has called; turkey meanwhile has; the throne khashoggi; operators killed him,0.0,0.0,0,0.0,0.0,0.0,0.76662177
75,Nikkei turns moderately higher on Wall Street rally The benchmark Nikkei average rebounded modestly on the Tokyo Stock Exchange Wednesday aided by an extended rally on Wall Street The 225 issue Nikkei...,nikkei; tokyo stock exchange; stocks; topix,brokers said falling; no buying incentives; buying before seeing; extended its winning; the afternoon profit,0.0,0.0,0,0.0,0.0,0.0,0.62804717,,0,0,0,0,0.0,0.0,0,psychologically; disappointing; announcement; performance; outnumbered,0.0,0.0,0.0,0.0,0.0,0.0,0.6727427,brokers said falling; no buying incentives; buying before seeing; extended its winning; remain afloat backed,0.0,0.0,0,0.0,0.0,0.0,0.6299286
76,Johnny Podres Series Star Dies at 75 Johnny Podres who became a celebrated figure in the storied history of the Brooklyn Dodgers in October 1955 when he pitched them to their only World Series champio...,Brooklyn Dodgers; World Series; Baseball; Deaths (Obituaries),the brooklyn dodgers; injured twice during; johnny podres series; stopped the yankees; yankees had runners,0.0,0.0,0,0.2,0.0,0.0,0.67295355,,0,0,0,0,0.0,0.0,0,groundskeepers; disappointing; philadelphia; championship; organization,0.0,0.0,0.0,0.0,0.0,0.0,0.6562728,the brooklyn dodgers; injured twice during; johnny podres series; injured his shoulder; nearby in queensbury,0.0,0.0,0,0.2,0.0,0.0,0.6758784
77,On Talk Radio Conservatives Are Energized Amid all the pressures on the radio industry news talk stations see an opportunity and his name is Barack Obama After eight years of playing defense for Presi...,"Radio; Barack Obama; Rush Limbaugh; Mike Huckabee; Politics; 2008 Presidential Election; Rudolph W Giuliani; Fred Dalton Thompson; News media,journalism; Conservatism in the United States",maddow emerged after; expected to announce; listeners stay tuned; the syndicators hope; billion business has,0.0,0.0,0,0.0,0.0,0.0,0.5969683,,0,0,0,0,0.0,0.0,0,administration; communications; conservatives; counterweight; personalities,0.0,0.0,0.0,0.0,0.0,0.0,0.6648799,maddow emerged after; expected to announce; listeners stay tuned; cherished the notion; limbaugh was talking,0.0,0.0,0,0.0,0.0,0.0,0.6319157
78,Nursing cafes aim to promote regional growth stimulate dialogue on elder care in Japan Workers in the nursing care and welfare sectors are increasingly gathering at so called nursing cafes in an effor...,nursing care; care workers; aging society,called nursing cafes; herself takase often; outside too yasuhiro; hospitals are often; and welfare sectors,0.0,0.0,0,0.0,0.0,0.0,0.70861757,,0,0,0,0,0.0,0.0,0,infrastructure; entrepreneurs; opportunities; conversations; professionals,0.0,0.0,0.0,0.0,0.0,0.0,0.6304058,called nursing cafes; going through topics; herself takase often; outside too yasuhiro; could hold dialogues,0.0,0.0,0,0.0,0.0,0.0,0.702907
79,James R Grover Jr Ex Congressman From Long Island Dies at 93 When former Representative James R Grover Jr a Republican from Suffolk County on Long Island was in his ninth year in Congress in 1971 he d...,Grover James R.; Long Island (NY); Deaths (Obituaries); Grover James R Jr,roads sewers tourism; three daughters jill; attuned to partisan; grover was defeated; percent after years,0.0,0.0,0,0.0,0.0,0.0,0.61930466,,0,0,0,0,0.0,0.0,0,administration; representative; transportation; grandchildren; congressional,0.0,0.0,0.0,0.0,0.0,0.0,0.53890884,roads sewers tourism; don like legislators; three daughters jill; had enough seniority; the labor department,0.0,0.0,0,0.0,0.0,0.0,0.6083068
80,Justice Department agrees to turn over Mueller probe s most important files Democrats say WASHINGTON The Justice Department has agreed to turn over some of the underlying evidence from special counsel...,democrats; robert mueller; donald trump; jerrold nadler; william barr; john dean; russia probe; u.s .,said democrats would; democrats hope leads; subpoenas to provide; had defied subpoena; lawsuit for mueller,0.0,0.0,0,0.4,0.0,0.0,0.77718824,,0,0,0,0,0.0,0.0,0,counterintelligence; administration; investigation; investigating; investigative,0.0,0.0,0.0,0.0,0.0,0.0,0.72678,said democrats would; democrats hope leads; avoid repeated floor; committee heads last; subpoenas to provide,0.0,0.0,0,0.4,0.0,0.0,0.7638216
81,Oracle Growth Plans Worry Rivals and Customers SAN FRANCISCO Each year Oracle s presence looms over this city for a week during the company s Open World customer conference About 41 000 people arrived...,Oracle Corp; Mergers Acquisitions and Divestitures; Computers and the Internet; Enterprise Computing,were software makers; white gloved guards; survive the demands; sponsored juice bar; agenda has rattled,0.0,0.0,0,0.0,0.0,0.0,0.5912019,,0,0,0,0,0.0,0.0,0,representatives; infrastructure; constructions; concentration; searchlights,0.0,0.0,0.0,0.0,0.0,0.0,0.5913881,were software makers; oracle already known; largess the downtown; their choices around; white gloved guards,0.0,0.0,0,0.2,0.0,0.0,0.5850212
82,At Tokyo summit Malala Yousafzai urges world leaders to expand educational opportunities for women Visiting Nobel Peace Prize laureate Malala Yousafzai urged world leaders Saturday to further promote ...,malala yousafzai; education; nobel prize; female empowerment; waw,made new suggestions; business our leaders; visiting nobel peace; the future workforce; leaders must invest,0.0,0.0,0,0.0,0.0,0.0,0.68601334,,0,0,0,0,0.0,0.0,0,entrepreneurship; representatives; opportunities; declarations; technologies,0.0,0.0,0.0,0.0,0.0,0.0,0.6389303,made new suggestions; business our leaders; visiting nobel peace; clear his commitment; the future workforce,0.0,0.0,0,0.0,0.0,0.0,0.7104291
83,Over million new cases daily WHO alarmed at STD spread in era of dating apps GENEVA The World Health Organization expressed alarm Thursday at the lack of progress on curbing sexually transmitted disea...,who; stds; dating; apps; stis; family planning; u.n .,previous study based; services to prevent; its experts warned; wi separately told; in stopping the,0.0,0.0,0,0.0,0.0,0.0,0.59281385,,0,0,0,0,0.0,0.0,0,trichomoniasis; cardiovascular; systematically; antimicrobial; approximately,0.0,0.0,0.0,0.0,0.0,0.0,0.6816094,salama who executive; previous study based; everybody had access; there were concerns; declining as people,0.0,0.0,0,0.2,0.0,0.0,0.6465447
84,We could have had chefs Trump serves up fast food to visiting athletes at White House again WASHINGTON President Donald Trump didn t have to change the menu Monday for his second hosting of college at...,fast food; donald trump; u.s .; offbeat,wasn apologizing for; to visiting athletes; of unhealthy comfort; isn it inappropriate; his latest culinary,0.0,0.0,0,0.0,0.0,0.0,0.7345862,,0,0,0,0,0.0,0.0,0,inappropriate; championship; apologizing; journalists; complained,0.0,0.0,0.0,0.0,0.0,0.0,0.7121787,wasn apologizing for; to visiting athletes; food defying doctors; of unhealthy comfort; isn it inappropriate,0.0,0.0,0,0.0,0.0,0.0,0.7153922
85,Special Session Starts in Texas Texas lawmakers are back for a special session that started the day after their 140 day regular session That s something like sprinting to the finish of a long race and...,Texas; Politics and Government; State Legislatures; Law and Legislation; Republican Party; Democratic Party,democrats aren going; cuts the republicans; one question hanging; after senator wendy; legislators to vote,0.0,0.0,0,0.2,0.0,0.0,0.6353509,,0,0,0,0,0.0,0.0,0,superintendents; obstructionists; congressional; redistricting; consideration,0.0,0.0,0.0,0.0,0.0,0.0,0.63416564,democrats aren going; wendy davis democrat; cuts the republicans; one question hanging; the deadlines school,0.0,0.0,0,0.2,0.0,0.0,0.62206316
86,Mets Have to Rely on a Replacement for Neil Walker but He Comes Up Big Manager Terry Collins had just watched the Mets claim a dramatic victory over a division rival they are fighting for a playoff sp...,Mets; Neil Walker; Miami Marlins; Kelly Johnson; Baseball; Sports injury,familia then pitched; had claimed another; headed collins said; collins said walker; earned addison reed,0.0,0.0,0,0.0,0.0,0.0,0.635935,,0,0,0,0,0.0,0.0,0,challenging; replacement; celebrating; outstanding; understood,0.0,0.0,0.0,0.0,0.0,0.0,0.6829667,familia then pitched; innings allowing two; rosters expand terry; obvious caveat would; had claimed another,0.0,0.0,0,0.0,0.0,0.0,0.62311524
87,Osamu Shimomura co winner of 2008 Nobel Prize in chemistry dies in Nagasaki aged 90 Marine biologist Osamu Shimomura a co winner of the 2008 Nobel Prize in chemistry has died at the age of 90 Nagasaki...,osamu shimomura; obituary,they were recognized; development of nerve; laboratory in woods; born in fukuchiyama; coast after serving,0.0,0.0,0,0.0,0.0,0.0,0.5968183,,0,0,0,0,0.0,0.0,0,massachusetts; northeastern; development; researchers; fluorescent,0.0,0.0,0.0,0.0,0.0,0.0,0.7243023,they were recognized; pharmacy at nagasaki; development of nerve; until his retirement; laboratory in woods,0.0,0.0,0,0.0,0.0,0.0,0.6306111
88,Too big to fail until now Warming seas wrecking Great Barrier Reef s regrowth PARIS Rising sea temperatures have wrecked the Great Barrier Reef s ability to regrow researchers said Wednesday highlight...,great barrier reef; coral; climate change,corals measured year; reef has experienced; porpoises the study; warming hughes said; killed off numerous,0.0,0.0,0,0.2,0.0,0.0,0.68902314,,0,0,0,0,0.0,0.0,0,photosynthetic; configuration; international; unprecedented; temperatures,0.0,0.0,0.0,0.0,0.0,0.0,0.68774056,corals measured year; reef has experienced; summers of unusually; disturbance on scale; estimated 25 percent,0.0,0.0,0,0.2,0.0,0.0,0.67616796
89,Automated train in Yokohama crash continued moving 1 meter after slamming into buffer A driverless train that injured 14 people in Yokohama on Saturday after moving in the wrong direction continued mo...,yokohama; accidents; yokohama seaside line; rail,slamming into buffer; operator said monday; meter after slamming; after hitting buffer; crash occurred there,0.0,0.0,0,0.0,0.0,0.0,0.6512611,,0,0,0,0,0.0,0.0,0,transportation; investigating; circumstances; calculations; specifically,0.0,0.0,0.0,0.0,0.0,0.0,0.6782651,slamming into buffer; operator said monday; meter after slamming; after hitting buffer; crash occurred there,0.0,0.0,0,0.0,0.0,0.0,0.6512611
90,L S U Has Unblemished Record on Uneven Ground Before the Louisiana State Tigers even finished out September they had endured a hurricane and a bomb threat They had dismissed the star player Tyrann Mat...,Football; Louisiana State University; Miles Les; Football (College); Mettenberger Zach; College Athletics,still boasts defense; before the louisiana; summarized his mood; helped ambrose said; danielson said they,0.0,0.0,0,0.0,0.0,0.0,0.6103466,,0,0,0,0,0.0,0.0,0,congratulations; representative; mettenberger; championship; performances,0.0,0.0,0.0,0.2,0.0,0.0,0.65249157,tigers even finished; is falling perceived; still boasts defense; turned its attention; before the louisiana,0.0,0.0,0,0.0,0.0,0.0,0.58097047
91,Super Bowl Joe Flacco s Precision Typical of Elite Quarterbacks NEW ORLEANS Neither of Joe Flacco s two brothers was on the field in the Super Bowl on Sunday night Flacco the Baltimore Ravens quarterb...,Super Bowl; Joe Flacco; Ravens; 49ers; Football,after harbaugh fired; into frenzied lather; yards and touchdowns; he saw negotiations; beginning of flacco,0.0,0.0,0,0.0,0.0,0.0,0.6522643,,0,0,0,0,0.0,0.0,0,controversies; quarterbacks; interception; championship; professional,0.0,0.0,0.0,0.0,0.0,0.0,0.6742502,after harbaugh fired; into frenzied lather; the wunderkind colin; yards and touchdowns; preened sprinting up,0.0,0.0,0,0.0,0.0,0.0,0.6370595
92,Driverless trains back on track in Yokohama with drivers YOKOHAMA Automated trains in Yokohama resumed services Tuesday but with drivers in control three days after one of them reversed into a buffer ...,automation; yokohama seaside line; accidents,conducted test runs; indicated there had; on trains excluding; services after the; has not determined,0.0,0.0,0,0.0,0.0,0.0,0.58352256,,0,0,0,0,0.0,0.0,0,investigators; malfunctioned; circumstances; acceleration; substituting,0.0,0.0,0.0,0.0,0.0,0.0,0.75587636,services will resume; determined the cause; has seven driverless; reversed into buffer; ishii told reporters,0.0,0.0,0,0.0,0.0,0.0,0.5947676
93,Hawaii Minimum Wage to Rise Gov Neil Abercrombie on Friday approved a gradual increase in the state s minimum wage to 10 10 an hour The move makes Hawaii the latest in a string of Democratic dominated...,Hawaii; Minimum wage; Neil Abercrombie,legislatures the new; by hawaii lawmakers; hawaii lawmakers in; raising the minimum; hawaii minimum wage,0.0,0.0,0,0.6,0.0,0.0,0.6867358,,0,0,0,0,0.0,0.0,0,overwhelmingly; legislatures; abercrombie; legislation; california,0.0,0.0,0.0,0.2,0.0,0.0,0.69860995,legislatures the new; democratic dominated; or enact legislation; string of democratic; gov neil abercrombie,0.0,0.0,0,0.2,0.0,0.0,0.66003096
94,Winning Isn t Everything Check the Periphery COLLABORATION can be a powerful driver of innovation when it is done thoughtfully But thoughtfulness can be hard to achieve in a traditional corporate or a...,New York University; Tisch School of the Arts; Telephones and Telecommunications; Science and Technology,has proved indelible; their owners helpers; who serve primarily; networks ve learned; gauthier said they,0.0,0.0,0,0.0,0.0,0.0,0.58785397,,0,0,0,0,0.0,0.0,0,telecommunications; multidimensional; characteristics; rehabilitative; thoughtfulness,0.0,0.0,0.0,0.2,0.0,0.0,0.5129445,professor burns said; has proved indelible; their owners helpers; of professionals who; their personal items,0.0,0.0,0,0.0,0.0,0.0,0.60304344
95,Hurdles Are Still High for a New Fed Front Runner As the favorite to succeed Ben S Bernanke to lead the Federal Reserve Janet L Yellen faces no shortage of hurdles The first would be to win confirmati...,Federal Reserve; Unemployment; US Economy; Quantitative easing; Lawrence H Summers; Janet L Yellen; Barack Obama; Appointments and Executive Changes,handed his successor; said ian shepherdson; could become target; democrat who serves; because the sectors,0.0,0.0,0,0.0,0.0,0.0,0.62060916,,0,0,0,0,0.0,0.0,0,macroeconomics; administration; participation; unprecedented; congressional,0.0,0.0,0.0,0.0,0.0125,0.0,0.68335307,handed his successor; opposition ms yellen; said ian shepherdson; yellen enjoys strong; senators they should,0.0,0.0,0,0.0,0.0,0.0,0.6509269
96,Nissan to cancel plans to make X Trail SUV in U K with less than two months before scheduled EU exit Sky News LONDON Nissan Motor Co is canceling plans to make the next model of its X Trail sports uti...,nissan; sunderland; brexit; u.k .; carmakers,has suffered decades; traders said leaving; jobs and livelihoods; immediate job losses; industry halved last,0.0,0.0,0,0.0,0.0,0.0,0.6679554,,0,0,0,0,0.0,0.0,0,manufacturers; manufacturing; announcement; devastation; livelihoods,0.0,0.0,0.0,0.0,0.02,0.0,0.6487824,has suffered decades; traders said leaving; jobs and livelihoods; immediate job losses; industry halved last,0.0,0.0,0,0.0,0.0,0.0,0.6679554
97,China will prosecute graft and terror suspects even if they flee BEIJING China changed its law on Friday to allow judgments to be delivered in corruption and terror cases even when the suspects do not...,china; graft; courts; xi jinping; rights,issued the defendant; sensitive urgency in; subpoena would also; asking their family; years ago president,0.0,0.0,0,0.0,0.0,0.0,0.577387,,0,0,0,0,0.0,0.0,0,controversial; unimaginable; authorities; afghanistan; questioning,0.0,0.0,0.0,0.0,0.0,0.0,0.7076043,issued the defendant; security laws having; terror suspects even; senior lawmaker said; sensitive urgency in,0.0,0.0,0,0.0,0.0,0.0,0.6151001
98,Venezuelan general calls for military uprising against Maduro CARACAS A Venezuelan air force general has called on his country s armed forces to rise up against President Nicolas Maduro who remains in...,venezuela; military; juan guaido; ramon rangel . nicolas maduro,appeal issued sunday; country armed forces; allegiance to guaido; appeared in civilian; juliac tweet carried,0.0,0.0,0,0.0,0.0,0.0,0.6920743,,0,0,0,0,0.0,0.0,0,international; specifically; venezuelan; allegiance; revolution,0.0,0.0,0.0,0.2,0.0,0.0,0.74156225,appeal issued sunday; country armed forces; allegiance to guaido; assembly speaker who; appeared in civilian,0.0,0.0,0,0.0,0.0,0.0,0.6789603
99,Abe Cabinet survives no confidence motion in Lower House over handling of pension report A no confidence motion against the Cabinet of Prime Minister Shinzo Abe was voted down Tuesday in the House of ...,cabinet; shinzo abe; diet; sdp; jcp; dpp; cdp,abe cabinet survives; last ditch offensive; japan the democratic; explain the pension; the current pension,0.0,0.0,0,0.2,0.0,0.0,0.6746074,,0,0,0,0,0.0,0.0,0,representatives; responsibility; administration; accountability; sustainability,0.0,0.0,0.0,0.0,0.0,0.0,0.63035965,submitted the motion; abe cabinet survives; last ditch offensive; japan the democratic; ldp deputy secretary,0.0,0.0,0,0.2,0.0,0.0,0.67042196
